image_name,Human,Castle,Indoors,Landscape,Woman,Daytime,Baby,Sunset,Flower,Animal,Building,Mask,Gray-Hair,Fire,Food_drink
Alex-Image01.png,,,,,,,,,,,,,,
Alex-Image02.png,,,,,,,,,,,,,,
Alex-Image03.png,,,,,,,,,,,,,,
Alex-Image04.png,,,,,,,,,,,,,,
Alex-Image05.png,,,,,,,,,,,,,,
Alex-Image06.png,,,,,,,,,,,,,,
Alex-Image07.png,,,,,,,,,,,,,,
Alex-Image08.png,,,,,,,,,,,,,,
Alex-Image09.png,,,,,,,,,,,,,,
Alex-Image10.png,,,,,,,,,,,,,,
Alex-Image11.png,,,,,,,,,,,,,,
Alex-Image12.png,,,,,,,,,,,,,,
Alex-Image13.png,,,,,,,,,,,,,,
Alex-Image14.png,,,,,,,,,,,,,,
Alex-Image15.png,,,,,,,,,,,,,,
Alex-Image16.png,,,,,,,,,,,,,,
Alex-Image17.png,,,,,,,,,,,,,,
Alex-Image18.png,,,,,,,,,,,,,,
Alex-Image19.png,,,,,,,,,,,,,,
Alex-Image20.png,,,,,,,,,,,,,,
Alex-Image21.png,,,,,,,,,,,,,,
Alex-Image22.png,,,,,,,,,,,,,,
Alex-Image23.png,,,,,,,,,,,,,,
Alex-Image24.png,,,,,,,,,,,,,,
Alex-Image25.png,,,,,,,,,,,,,,
Alex-Image26.png,,,,,,,,,,,,,,
Alex-Image27.png,,,,,,,,,,,,,,
Alex-Image28.png,,,,,,,,,,,,,,
Alex-Image29.png,,,,,,,,,,,,,,
Alex-Image30.png,,,,,,,,,,,,,,
Alex-Image31.png,,,,,,,,,,,,,,
Alex-Image32.png,,,,,,,,,,,,,,
Alex-Image33.png,,,,,,,,,,,,,,
Alex-Image34.png,,,,,,,,,,,,,,
Alex-Image35.png,,,,,,,,,,,,,,
Alex-Image36.png,,,,,,,,,,,,,,
Alex-Image37.png,,,,,,,,,,,,,,
Alex-Image38.png,,,,,,,,,,,,,,
Alex-Image39.png,,,,,,,,,,,,,,
Alex-Image40.png,,,,,,,,,,,,,,
Alex-Image41.png,,,,,,,,,,,,,,
Alex-Image42.png,,,,,,,,,,,,,,
Alex-Image43.png,,,,,,,,,,,,,,
Alex-Image44.png,,,,,,,,,,,,,,
Alex-Image45.png,,,,,,,,,,,,,,
Alex-Image46.png,,,,,,,,,,,,,,
Alex-Image47.png,,,,,,,,,,,,,,
Alex-Image48.png,,,,,,,,,,,,,,
Alex-Image49.png,,,,,,,,,,,,,,
Alex-Image50.png,,,,,,,,,,,,,,
Alex-Image51.png,,,,,,,,,,,,,,
Alex-Image52.png,,,,,,,,,,,,,,
Alex-Image53.png,,,,,,,,,,,,,,
Alex-Image54.png,,,,,,,,,,,,,,
Alex-Image55.png,,,,,,,,,,,,,,
Alex-Image56.png,,,,,,,,,,,,,,
Alex-Image57.png,,,,,,,,,,,,,,
Alex-Image58.png,,,,,,,,,,,,,,
Alex-Image59.png,,,,,,,,,,,,,,
Alex-Image60.png,,,,,,,,,,,,,,
Alex-Image61.png,,,,,,,,,,,,,,
Alex-Image62.png,,,,,,,,,,,,,,
Alex-Image63.png,,,,,,,,,,,,,,
Alex-Image64.png,,,,,,,,,,,,,,
Alex-Image65.png,,,,,,,,,,,,,,
Alex-Image66.png,,,,,,,,,,,,,,
Alex-Image67.png,,,,,,,,,,,,,,
Alex-Image68.png,,,,,,,,,,,,,,
Alex-Image69.png,,,,,,,,,,,,,,
Alex-Image70.png,,,,,,,,,,,,,,
Alex-Image71.png,,,,,,,,,,,,,,
Alex-Image72.png,,,,,,,,,,,,,,
Alex-Image73.png,,,,,,,,,,,,,,
Alex-Image74.png,,,,,,,,,,,,,,
Alex-Image75.png,,,,,,,,,,,,,,
Alex-Image76.png,,,,,,,,,,,,,,
Alex-Image77.png,,,,,,,,,,,,,,
Alex-Image78.png,,,,,,,,,,,,,,
Alex-Image79.png,,,,,,,,,,,,,,
Alex-Image80.png,,,,,,,,,,,,,,
Alex-Image81.png,,,,,,,,,,,,,,
Alex-Image82.png,,,,,,,,,,,,,,
Alex-Image83.png,,,,,,,,,,,,,,
Alex-Image84.png,,,,,,,,,,,,,,
Alex-Image85.png,,,,,,,,,,,,,,
Alex-Image86.png,,,,,,,,,,,,,,
Alex-Image87.png,,,,,,,,,,,,,,
Alex-Image88.png,,,,,,,,,,,,,,
Alex-Image89.png,,,,,,,,,,,,,,
Alex-Image90.png,,,,,,,,,,,,,,
Alex-Image91.png,,,,,,,,,,,,,,
Alex-Image92.png,,,,,,,,,,,,,,
Alex-Image93.png,,,,,,,,,,,,,,
Alex-Image94.png,,,,,,,,,,,,,,
Alex-Image95.png,,,,,,,,,,,,,,
Alex-Image96.png,,,,,,,,,,,,,,
Alex-Image97.png,,,,,,,,,,,,,,
Alex-Image98.png,,,,,,,,,,,,,,
Alex-Image99.png,,,,,,,,,,,,,,
Alex-Image100.png,,,,,,,,,,,,,,
Alex-Image101.png,,,,,,,,,,,,,,
Alex-Image102.png,,,,,,,,,,,,,,
Alex-Image103.png,,,,,,,,,,,,,,
Alex-Image104.png,,,,,,,,,,,,,,
Alex-Image105.png,,,,,,,,,,,,,,
Alex-Image106.png,,,,,,,,,,,,,,
Alex-Image107.png,,,,,,,,,,,,,,
Alex-Image108.png,,,,,,,,,,,,,,
Alex-Image109.png,,,,,,,,,,,,,,
Alex-Image110.png,,,,,,,,,,,,,,
Alex-Image111.png,,,,,,,,,,,,,,
Alex-Image112.png,,,,,,,,,,,,,,
Alex-Image113.png,,,,,,,,,,,,,,
Alex-Image114.png,,,,,,,,,,,,,,
Alex-Image115.png,,,,,,,,,,,,,,
Alex-Image116.png,,,,,,,,,,,,,,
Alex-Image117.png,,,,,,,,,,,,,,
Alex-Image118.png,,,,,,,,,,,,,,
Alex-Image119.png,,,,,,,,,,,,,,
Alex-Image120.png,,,,,,,,,,,,,,
Alex-Image121.png,,,,,,,,,,,,,,
Alex-Image122.png,,,,,,,,,,,,,,
Alex-Image123.png,,,,,,,,,,,,,,
Alex-Image124.png,,,,,,,,,,,,,,
Alex-Image125.png,,,,,,,,,,,,,,
Alex-Image126.png,,,,,,,,,,,,,,
Alex-Image127.png,,,,,,,,,,,,,,
Alex-Image128.png,,,,,,,,,,,,,,
Alex-Image129.png,,,,,,,,,,,,,,
Alex-Image130.png,,,,,,,,,,,,,,
Alex-Image131.png,,,,,,,,,,,,,,
Alex-Image132.png,,,,,,,,,,,,,,
Alex-Image133.png,,,,,,,,,,,,,,
Alex-Image134.png,,,,,,,,,,,,,,
Alex-Image135.png,,,,,,,,,,,,,,
Alex-Image136.png,,,,,,,,,,,,,,
Alex-Image137.png,,,,,,,,,,,,,,
Alex-Image138.png,,,,,,,,,,,,,,
Alex-Image139.png,,,,,,,,,,,,,,
Alex-Image140.png,,,,,,,,,,,,,,
Alex-Image141.png,,,,,,,,,,,,,,
Alex-Image142.png,,,,,,,,,,,,,,
Alex-Image143.png,,,,,,,,,,,,,,
Alex-Image144.png,,,,,,,,,,,,,,
Alex-Image145.png,,,,,,,,,,,,,,
Alex-Image146.png,,,,,,,,,,,,,,
Alex-Image147.png,,,,,,,,,,,,,,
Alex-Image148.png,,,,,,,,,,,,,,
Alex-Image149.png,,,,,,,,,,,,,,
Alex-Image150.png,,,,,,,,,,,,,,
Alex-Image151.png,,,,,,,,,,,,,,
Alex-Image152.png,,,,,,,,,,,,,,
Alex-Image153.png,,,,,,,,,,,,,,
Alex-Image154.png,,,,,,,,,,,,,,
Alex-Image155.png,,,,,,,,,,,,,,
Alex-Image156.png,,,,,,,,,,,,,,
Alex-Image157.png,,,,,,,,,,,,,,
Alex-Image158.png,,,,,,,,,,,,,,
Alex-Image159.png,,,,,,,,,,,,,,
Alex-Image160.png,,,,,,,,,,,,,,
Alex-Image161.png,,,,,,,,,,,,,,
Alex-Image162.png,,,,,,,,,,,,,,
Alex-Image163.png,,,,,,,,,,,,,,
Alex-Image164.png,,,,,,,,,,,,,,
Alex-Image165.png,,,,,,,,,,,,,,
Alex-Image166.png,,,,,,,,,,,,,,
Alex-Image167.png,,,,,,,,,,,,,,
Alex-Image168.png,,,,,,,,,,,,,,
Alex-Image169.png,,,,,,,,,,,,,,
Alex-Image170.png,,,,,,,,,,,,,,
Alex-Image171.png,,,,,,,,,,,,,,
Alex-Image172.png,,,,,,,,,,,,,,
Alex-Image173.png,,,,,,,,,,,,,,
Alex-Image174.png,,,,,,,,,,,,,,
Alex-Image175.png,,,,,,,,,,,,,,
Alex-Image176.png,,,,,,,,,,,,,,
Alex-Image177.png,,,,,,,,,,,,,,
Alex-Image178.png,,,,,,,,,,,,,,
Alex-Image179.png,,,,,,,,,,,,,,
Alex-Image180.png,,,,,,,,,,,,,,
Alex-Image181.png,,,,,,,,,,,,,,
Alex-Image182.png,,,,,,,,,,,,,,
Alex-Image183.png,,,,,,,,,,,,,,
Alex-Image184.png,,,,,,,,,,,,,,
Alex-Image185.png,,,,,,,,,,,,,,
Alex-Image186.png,,,,,,,,,,,,,,
Alex-Image187.png,,,,,,,,,,,,,,
Alex-Image188.png,,,,,,,,,,,,,,
Alex-Image189.png,,,,,,,,,,,,,,
Alex-Image190.png,,,,,,,,,,,,,,
Alex-Image191.png,,,,,,,,,,,,,,
Alex-Image192.png,,,,,,,,,,,,,,
Alex-Image193.png,,,,,,,,,,,,,,
Alex-Image194.png,,,,,,,,,,,,,,
Alex-Image195.png,,,,,,,,,,,,,,
Alex-Image196.png,,,,,,,,,,,,,,
Alex-Image197.png,,,,,,,,,,,,,,
Alex-Image198.png,,,,,,,,,,,,,,
Alex-Image199.png,,,,,,,,,,,,,,
Alex-Image200.png,,,,,,,,,,,,,,
Alex-Image201.png,,,,,,,,,,,,,,
Alex-Image202.png,,,,,,,,,,,,,,
Alex-Image203.png,,,,,,,,,,,,,,
Alex-Image204.png,,,,,,,,,,,,,,
Alex-Image205.png,,,,,,,,,,,,,,
Alex-Image206.png,,,,,,,,,,,,,,
Alex-Image207.png,,,,,,,,,,,,,,
Alex-Image208.png,,,,,,,,,,,,,,
Alex-Image209.png,,,,,,,,,,,,,,
Alex-Image210.png,,,,,,,,,,,,,,
Alex-Image211.png,,,,,,,,,,,,,,
Alex-Image212.png,,,,,,,,,,,,,,
Alex-Image213.png,,,,,,,,,,,,,,
Alex-Image214.png,,,,,,,,,,,,,,
Alex-Image215.png,,,,,,,,,,,,,,
Alex-Image216.png,,,,,,,,,,,,,,
Alex-Image217.png,,,,,,,,,,,,,,
Alex-Image218.png,,,,,,,,,,,,,,
Alex-Image219.png,,,,,,,,,,,,,,
Alex-Image220.png,,,,,,,,,,,,,,
Alex-Image221.png,,,,,,,,,,,,,,
Alex-Image222.png,,,,,,,,,,,,,,
Alex-Image223.png,,,,,,,,,,,,,,
Alex-Image224.png,,,,,,,,,,,,,,
Alex-Image225.png,,,,,,,,,,,,,,
Alex-Image226.png,,,,,,,,,,,,,,
Alex-Image227.png,,,,,,,,,,,,,,
Alex-Image228.png,,,,,,,,,,,,,,
Alex-Image229.png,,,,,,,,,,,,,,
Alex-Image230.png,,,,,,,,,,,,,,
Alex-Image231.png,,,,,,,,,,,,,,
Alex-Image232.png,,,,,,,,,,,,,,
Alex-Image233.png,,,,,,,,,,,,,,
Alex-Image234.png,,,,,,,,,,,,,,
Alex-Image235.png,,,,,,,,,,,,,,
Alex-Image236.png,,,,,,,,,,,,,,
Alex-Image237.png,,,,,,,,,,,,,,
Alex-Image238.png,,,,,,,,,,,,,,
Alex-Image239.png,,,,,,,,,,,,,,
Alex-Image240.png,,,,,,,,,,,,,,
Alex-Image241.png,,,,,,,,,,,,,,
Alex-Image242.png,,,,,,,,,,,,,,
Alex-Image243.png,,,,,,,,,,,,,,
Alex-Image244.png,,,,,,,,,,,,,,
Alex-Image245.png,,,,,,,,,,,,,,
Alex-Image246.png,,,,,,,,,,,,,,
Alex-Image247.png,,,,,,,,,,,,,,
Alex-Image248.png,,,,,,,,,,,,,,
Alex-Image249.png,,,,,,,,,,,,,,
Alex-Image250.png,,,,,,,,,,,,,,
Alex-Image251.png,,,,,,,,,,,,,,
Alex-Image252.png,,,,,,,,,,,,,,
Alex-Image253.png,,,,,,,,,,,,,,
Alex-Image254.png,,,,,,,,,,,,,,
Alex-Image255.png,,,,,,,,,,,,,,
Alex-Image256.png,,,,,,,,,,,,,,
Kelly-Image01.png,,,,,,,,,,,,,,
Kelly-Image02.png,,,,,,,,,,,,,,
Kelly-Image03.png,,,,,,,,,,,,,,
Kelly-Image04.png,,,,,,,,,,,,,,
Kelly-Image05.png,,,,,,,,,,,,,,
Kelly-Image06.png,,,,,,,,,,,,,,
Kelly-Image07.png,,,,,,,,,,,,,,
Kelly-Image08.png,,,,,,,,,,,,,,
Kelly-Image09.png,,,,,,,,,,,,,,
Kelly-Image10.png,,,,,,,,,,,,,,
Kelly-Image11.png,,,,,,,,,,,,,,
Kelly-Image12.png,,,,,,,,,,,,,,
Kelly-Image13.png,,,,,,,,,,,,,,
Kelly-Image14.png,,,,,,,,,,,,,,
Kelly-Image15.png,,,,,,,,,,,,,,
Kelly-Image16.png,,,,,,,,,,,,,,
Kelly-Image17.png,,,,,,,,,,,,,,
Kelly-Image18.png,,,,,,,,,,,,,,
Kelly-Image19.png,,,,,,,,,,,,,,
Kelly-Image20.png,,,,,,,,,,,,,,
Kelly-Image21.png,,,,,,,,,,,,,,
Kelly-Image22.png,,,,,,,,,,,,,,
Kelly-Image23.png,,,,,,,,,,,,,,
Kelly-Image24.png,,,,,,,,,,,,,,
Kelly-Image25.png,,,,,,,,,,,,,,
Kelly-Image26.png,,,,,,,,,,,,,,
Kelly-Image27.png,,,,,,,,,,,,,,
Kelly-Image28.png,,,,,,,,,,,,,,
Kelly-Image29.png,,,,,,,,,,,,,,
Kelly-Image30.png,,,,,,,,,,,,,,
Kelly-Image31.png,,,,,,,,,,,,,,
Kelly-Image32.png,,,,,,,,,,,,,,
Kelly-Image33.png,,,,,,,,,,,,,,
Kelly-Image34.png,,,,,,,,,,,,,,
Kelly-Image35.png,,,,,,,,,,,,,,
Kelly-Image36.png,,,,,,,,,,,,,,
Kelly-Image37.png,,,,,,,,,,,,,,
Kelly-Image38.png,,,,,,,,,,,,,,
Kelly-Image39.png,,,,,,,,,,,,,,
Kelly-Image40.png,,,,,,,,,,,,,,
Kelly-Image41.png,,,,,,,,,,,,,,
Kelly-Image42.png,,,,,,,,,,,,,,
Kelly-Image43.png,,,,,,,,,,,,,,
Kelly-Image44.png,,,,,,,,,,,,,,
Kelly-Image45.png,,,,,,,,,,,,,,
Kelly-Image46.png,,,,,,,,,,,,,,
Kelly-Image47.png,,,,,,,,,,,,,,
Kelly-Image48.png,,,,,,,,,,,,,,
Kelly-Image49.png,,,,,,,,,,,,,,
Kelly-Image50.png,,,,,,,,,,,,,,
Kelly-Image51.png,,,,,,,,,,,,,,
Kelly-Image52.png,,,,,,,,,,,,,,
Kelly-Image53.png,,,,,,,,,,,,,,
Kelly-Image54.png,,,,,,,,,,,,,,
Kelly-Image55.png,,,,,,,,,,,,,,
Kelly-Image56.png,,,,,,,,,,,,,,
Kelly-Image57.png,,,,,,,,,,,,,,
Kelly-Image58.png,,,,,,,,,,,,,,
Kelly-Image59.png,,,,,,,,,,,,,,
Kelly-Image60.png,,,,,,,,,,,,,,
Kelly-Image61.png,,,,,,,,,,,,,,
Kelly-Image62.png,,,,,,,,,,,,,,
Kelly-Image63.png,,,,,,,,,,,,,,
Kelly-Image64.png,,,,,,,,,,,,,,
Kelly-Image65.png,,,,,,,,,,,,,,
Kelly-Image66.png,,,,,,,,,,,,,,
Kelly-Image67.png,,,,,,,,,,,,,,
Kelly-Image68.png,,,,,,,,,,,,,,
Kelly-Image69.png,,,,,,,,,,,,,,
Kelly-Image70.png,,,,,,,,,,,,,,
Kelly-Image71.png,,,,,,,,,,,,,,
Kelly-Image72.png,,,,,,,,,,,,,,
Kelly-Image73.png,,,,,,,,,,,,,,
Kelly-Image74.png,,,,,,,,,,,,,,
Kelly-Image75.png,,,,,,,,,,,,,,
Kelly-Image76.png,,,,,,,,,,,,,,
Kelly-Image77.png,,,,,,,,,,,,,,
Kelly-Image78.png,,,,,,,,,,,,,,
Kelly-Image79.png,,,,,,,,,,,,,,
Kelly-Image80.png,,,,,,,,,,,,,,
Kelly-Image81.png,,,,,,,,,,,,,,
Kelly-Image82.png,,,,,,,,,,,,,,
Kelly-Image83.png,,,,,,,,,,,,,,
Kelly-Image84.png,,,,,,,,,,,,,,
Kelly-Image85.png,,,,,,,,,,,,,,
Kelly-Image86.png,,,,,,,,,,,,,,
Kelly-Image87.png,,,,,,,,,,,,,,
Kelly-Image88.png,,,,,,,,,,,,,,
Kelly-Image89.png,,,,,,,,,,,,,,
Kelly-Image90.png,,,,,,,,,,,,,,
Kelly-Image91.png,,,,,,,,,,,,,,
Kelly-Image92.png,,,,,,,,,,,,,,
Kelly-Image93.png,,,,,,,,,,,,,,
Kelly-Image94.png,,,,,,,,,,,,,,
Kelly-Image95.png,,,,,,,,,,,,,,
Kelly-Image96.png,,,,,,,,,,,,,,
Kelly-Image97.png,,,,,,,,,,,,,,
Kelly-Image98.png,,,,,,,,,,,,,,
Kelly-Image99.png,,,,,,,,,,,,,,
Kelly-Image100.png,,,,,,,,,,,,,,
Kelly-Image101.png,,,,,,,,,,,,,,
Kelly-Image102.png,,,,,,,,,,,,,,
Kelly-Image103.png,,,,,,,,,,,,,,
Kelly-Image104.png,,,,,,,,,,,,,,
Kelly-Image105.png,,,,,,,,,,,,,,
Kelly-Image106.png,,,,,,,,,,,,,,
Kelly-Image107.png,,,,,,,,,,,,,,
Kelly-Image108.png,,,,,,,,,,,,,,
Kelly-Image109.png,,,,,,,,,,,,,,
Kelly-Image110.png,,,,,,,,,,,,,,
Kelly-Image111.png,,,,,,,,,,,,,,
Kelly-Image112.png,,,,,,,,,,,,,,
Kelly-Image113.png,,,,,,,,,,,,,,
Kelly-Image114.png,,,,,,,,,,,,,,
Kelly-Image115.png,,,,,,,,,,,,,,
Kelly-Image116.png,,,,,,,,,,,,,,
Kelly-Image117.png,,,,,,,,,,,,,,
Kelly-Image118.png,,,,,,,,,,,,,,
Kelly-Image119.png,,,,,,,,,,,,,,
Kelly-Image120.png,,,,,,,,,,,,,,
Kelly-Image121.png,,,,,,,,,,,,,,
Kelly-Image122.png,,,,,,,,,,,,,,
Kelly-Image123.png,,,,,,,,,,,,,,
Kelly-Image124.png,,,,,,,,,,,,,,
Kelly-Image125.png,,,,,,,,,,,,,,
Kelly-Image126.png,,,,,,,,,,,,,,
Kelly-Image127.png,,,,,,,,,,,,,,
Kelly-Image128.png,,,,,,,,,,,,,,
Kelly-Image129.png,,,,,,,,,,,,,,
Kelly-Image130.png,,,,,,,,,,,,,,
Kelly-Image131.png,,,,,,,,,,,,,,
Kelly-Image132.png,,,,,,,,,,,,,,
Kelly-Image133.png,,,,,,,,,,,,,,
Kelly-Image134.png,,,,,,,,,,,,,,
Kelly-Image135.png,,,,,,,,,,,,,,
Kelly-Image136.png,,,,,,,,,,,,,,
Kelly-Image137.png,,,,,,,,,,,,,,
Kelly-Image138.png,,,,,,,,,,,,,,
Kelly-Image139.png,,,,,,,,,,,,,,
Kelly-Image140.png,,,,,,,,,,,,,,
Kelly-Image141.png,,,,,,,,,,,,,,
Kelly-Image142.png,,,,,,,,,,,,,,
Kelly-Image143.png,,,,,,,,,,,,,,
Kelly-Image144.png,,,,,,,,,,,,,,
Kelly-Image145.png,,,,,,,,,,,,,,
Kelly-Image146.png,,,,,,,,,,,,,,
Kelly-Image147.png,,,,,,,,,,,,,,
Kelly-Image148.png,,,,,,,,,,,,,,
Kelly-Image149.png,,,,,,,,,,,,,,
Kelly-Image150.png,,,,,,,,,,,,,,
Kelly-Image151.png,,,,,,,,,,,,,,
Kelly-Image152.png,,,,,,,,,,,,,,
Kelly-Image153.png,,,,,,,,,,,,,,
Kelly-Image154.png,,,,,,,,,,,,,,
Kelly-Image155.png,,,,,,,,,,,,,,
Kelly-Image156.png,,,,,,,,,,,,,,
Kelly-Image157.png,,,,,,,,,,,,,,
Kelly-Image158.png,,,,,,,,,,,,,,
Kelly-Image159.png,,,,,,,,,,,,,,
Kelly-Image160.png,,,,,,,,,,,,,,
Kelly-Image161.png,,,,,,,,,,,,,,
Kelly-Image162.png,,,,,,,,,,,,,,
Kelly-Image163.png,,,,,,,,,,,,,,
Kelly-Image164.png,,,,,,,,,,,,,,
Kelly-Image165.png,,,,,,,,,,,,,,
Kelly-Image166.png,,,,,,,,,,,,,,
Kelly-Image167.png,,,,,,,,,,,,,,
Kelly-Image168.png,,,,,,,,,,,,,,
Kelly-Image169.png,,,,,,,,,,,,,,
Kelly-Image170.png,,,,,,,,,,,,,,
Kelly-Image171.png,,,,,,,,,,,,,,
Kelly-Image172.png,,,,,,,,,,,,,,
Kelly-Image173.png,,,,,,,,,,,,,,
Kelly-Image174.png,,,,,,,,,,,,,,
Kelly-Image175.png,,,,,,,,,,,,,,
Kelly-Image176.png,,,,,,,,,,,,,,
Kelly-Image177.png,,,,,,,,,,,,,,
Kelly-Image178.png,,,,,,,,,,,,,,
Kelly-Image179.png,,,,,,,,,,,,,,
Kelly-Image180.png,,,,,,,,,,,,,,
Kelly-Image181.png,,,,,,,,,,,,,,
Kelly-Image182.png,,,,,,,,,,,,,,
Kelly-Image183.png,,,,,,,,,,,,,,
Kelly-Image184.png,,,,,,,,,,,,,,
Kelly-Image185.png,,,,,,,,,,,,,,
Kelly-Image186.png,,,,,,,,,,,,,,
Kelly-Image187.png,,,,,,,,,,,,,,
Kelly-Image188.png,,,,,,,,,,,,,,
Kelly-Image189.png,,,,,,,,,,,,,,
Kelly-Image190.png,,,,,,,,,,,,,,
Kelly-Image191.png,,,,,,,,,,,,,,
Kelly-Image192.png,,,,,,,,,,,,,,
Kelly-Image193.png,,,,,,,,,,,,,,
Kelly-Image194.png,,,,,,,,,,,,,,
Kelly-Image195.png,,,,,,,,,,,,,,
Kelly-Image196.png,,,,,,,,,,,,,,
Kelly-Image197.png,,,,,,,,,,,,,,
Kelly-Image198.png,,,,,,,,,,,,,,
Kelly-Image199.png,,,,,,,,,,,,,,
Kelly-Image200.png,,,,,,,,,,,,,,
Kelly-Image201.png,,,,,,,,,,,,,,
Kelly-Image202.png,,,,,,,,,,,,,,
Kelly-Image203.png,,,,,,,,,,,,,,
Kelly-Image204.png,,,,,,,,,,,,,,
Kelly-Image205.png,,,,,,,,,,,,,,
Kelly-Image206.png,,,,,,,,,,,,,,
Kelly-Image207.png,,,,,,,,,,,,,,
Kelly-Image208.png,,,,,,,,,,,,,,
Kelly-Image209.png,,,,,,,,,,,,,,
Kelly-Image210.png,,,,,,,,,,,,,,
Kelly-Image211.png,,,,,,,,,,,,,,
Kelly-Image212.png,,,,,,,,,,,,,,
Kelly-Image213.png,,,,,,,,,,,,,,
Kelly-Image214.png,,,,,,,,,,,,,,
Kelly-Image215.png,,,,,,,,,,,,,,
Kelly-Image216.png,,,,,,,,,,,,,,
Kelly-Image217.png,,,,,,,,,,,,,,
Kelly-Image218.png,,,,,,,,,,,,,,
Kelly-Image219.png,,,,,,,,,,,,,,
Kelly-Image220.png,,,,,,,,,,,,,,
Kelly-Image221.png,,,,,,,,,,,,,,
Kelly-Image222.png,,,,,,,,,,,,,,
Kelly-Image223.png,,,,,,,,,,,,,,
Kelly-Image224.png,,,,,,,,,,,,,,
Kelly-Image225.png,,,,,,,,,,,,,,
Kelly-Image226.png,,,,,,,,,,,,,,
Kelly-Image227.png,,,,,,,,,,,,,,
Kelly-Image228.png,,,,,,,,,,,,,,
Kelly-Image229.png,,,,,,,,,,,,,,
